[{"model": "admin.logentry", "pk": 1, "fields": {"action_time": "2021-10-04T10:35:18.566Z", "user": 1, "content_type": 7, "object_id": "1", "object_repr": "rebelbeans.example.com", "action_flag": 2, "change_message": "[{\"changed\": {\"fields\": [\"Domain name\", \"Display name\"]}}]"}}, {"model": "admin.logentry", "pk": 2, "fields": {"action_time": "2021-10-04T10:42:26.972Z", "user": 1, "content_type": 8, "object_id": "2", "object_repr": "yigitaksoy@house58.nl", "action_flag": 1, "change_message": "[{\"added\": {}}]"}}, {"model": "admin.logentry", "pk": 3, "fields": {"action_time": "2021-10-11T16:49:00.893Z", "user": 1, "content_type": 13, "object_id": "1", "object_repr": "cold_brew_coffee", "action_flag": 1, "change_message": "[{\"added\": {}}]"}}, {"model": "admin.logentry", "pk": 4, "fields": {"action_time": "2021-10-11T16:58:24.260Z", "user": 1, "content_type": 13, "object_id": "2", "object_repr": "fresh_coffee_beans", "action_flag": 1, "change_message": "[{\"added\": {}}]"}}, {"model": "admin.logentry", "pk": 5, "fields": {"action_time": "2021-10-11T17:08:09.297Z", "user": 1, "content_type": 13, "object_id": "2", "object_repr": "fresh_coffee_beans", "action_flag": 3, "change_message": ""}}, {"model": "admin.logentry", "pk": 6, "fields": {"action_time": "2021-10-11T17:08:24.980Z", "user": 1, "content_type": 13, "object_id": "3", "object_repr": "fresh_coffee_beans", "action_flag": 1, "change_message": "[{\"added\": {}}]"}}, {"model": "admin.logentry", "pk": 7, "fields": {"action_time": "2021-10-11T21:15:05.495Z", "user": 1, "content_type": 14, "object_id": "1", "object_repr": "Rebel Beans Cold Brew Coffe", "action_flag": 1, "change_message": "[{\"added\": {}}]"}}, {"model": "admin.logentry", "pk": 8, "fields": {"action_time": "2021-10-11T21:16:04.579Z", "user": 1, "content_type": 14, "object_id": "1", "object_repr": "Rebel Beans Cold Brew Coffe", "action_flag": 3, "change_message": ""}}, {"model": "admin.logentry", "pk": 9, "fields": {"action_time": "2021-10-11T21:17:25.157Z", "user": 1, "content_type": 14, "object_id": "2", "object_repr": "Cold Brew Cofee", "action_flag": 1, "change_message": "[{\"added\": {}}]"}}, {"model": "admin.logentry", "pk": 10, "fields": {"action_time": "2021-10-11T21:27:11.977Z", "user": 1, "content_type": 14, "object_id": "2", "object_repr": "Cold Brew Cofee", "action_flag": 2, "change_message": "[{\"changed\": {\"fields\": [\"Image\"]}}]"}}, {"model": "admin.logentry", "pk": 11, "fields": {"action_time": "2021-10-11T21:38:59.110Z", "user": 1, "content_type": 14, "object_id": "2", "object_repr": "Rebel Beans Cold Brew Coffee 125ml", "action_flag": 2, "change_message": "[{\"changed\": {\"fields\": [\"Name\"]}}]"}}, {"model": "admin.logentry", "pk": 12, "fields": {"action_time": "2021-10-11T21:44:37.982Z", "user": 1, "content_type": 14, "object_id": "3", "object_repr": "Milky Way Espresso Blend - 250gr", "action_flag": 1, "change_message": "[{\"added\": {}}]"}}, {"model": "admin.logentry", "pk": 13, "fields": {"action_time": "2021-10-11T21:45:13.134Z", "user": 1, "content_type": 14, "object_id": "3", "object_repr": "Milky Way Espresso Blend - 250gr", "action_flag": 2, "change_message": "[{\"changed\": {\"fields\": [\"Image\"]}}]"}}, {"model": "admin.logentry", "pk": 14, "fields": {"action_time": "2021-10-11T21:49:54.964Z", "user": 1, "content_type": 14, "object_id": "4", "object_repr": "Cherry Ripe Espresso Blend - 250gr", "action_flag": 1, "change_message": "[{\"added\": {}}]"}}, {"model": "admin.logentry", "pk": 15, "fields": {"action_time": "2021-10-11T21:50:09.353Z", "user": 1, "content_type": 14, "object_id": "4", "object_repr": "Cherry Ripe Espresso Blend - 250gr", "action_flag": 2, "change_message": "[{\"changed\": {\"fields\": [\"Image\"]}}]"}}, {"model": "admin.logentry", "pk": 16, "fields": {"action_time": "2021-10-11T21:51:13.429Z", "user": 1, "content_type": 14, "object_id": "5", "object_repr": "Colombia Narino - 250gr", "action_flag": 1, "change_message": "[{\"added\": {}}]"}}, {"model": "admin.logentry", "pk": 17, "fields": {"action_time": "2021-10-11T21:51:38.977Z", "user": 1, "content_type": 14, "object_id": "5", "object_repr": "Colombia Narino - 250gr", "action_flag": 2, "change_message": "[{\"changed\": {\"fields\": [\"Sku\", \"Image\"]}}]"}}, {"model": "admin.logentry", "pk": 18, "fields": {"action_time": "2021-10-11T21:58:01.492Z", "user": 1, "content_type": 14, "object_id": "6", "object_repr": "Dark Horse Blend - 250gr", "action_flag": 1, "change_message": "[{\"added\": {}}]"}}, {"model": "admin.logentry", "pk": 19, "fields": {"action_time": "2021-10-11T21:58:59.912Z", "user": 1, "content_type": 14, "object_id": "7", "object_repr": "Brazil Fazenda Ferrinha - 250gr", "action_flag": 1, "change_message": "[{\"added\": {}}]"}}, {"model": "admin.logentry", "pk": 20, "fields": {"action_time": "2021-10-11T22:00:45.924Z", "user": 1, "content_type": 14, "object_id": "8", "object_repr": "Filter Coffee Blend - 250gr", "action_flag": 1, "change_message": "[{\"added\": {}}]"}}, {"model": "admin.logentry", "pk": 21, "fields": {"action_time": "2021-10-11T22:01:58.999Z", "user": 1, "content_type": 14, "object_id": "9", "object_repr": "Espresso Blend - 250gr", "action_flag": 1, "change_message": "[{\"added\": {}}]"}}, {"model": "admin.logentry", "pk": 22, "fields": {"action_time": "2021-10-13T09:21:01.425Z", "user": 1, "content_type": 14, "object_id": "3", "object_repr": "Milky Way Espresso Blend - 250gr", "action_flag": 2, "change_message": "[{\"changed\": {\"fields\": [\"Description\"]}}]"}}, {"model": "admin.logentry", "pk": 23, "fields": {"action_time": "2021-10-13T09:21:52.961Z", "user": 1, "content_type": 14, "object_id": "2", "object_repr": "Rebel Beans Cold Brew Coffee 125ml", "action_flag": 2, "change_message": "[{\"changed\": {\"fields\": [\"Description\"]}}]"}}, {"model": "admin.logentry", "pk": 24, "fields": {"action_time": "2021-10-13T09:22:49.384Z", "user": 1, "content_type": 14, "object_id": "4", "object_repr": "Cherry Ripe Espresso Blend - 250gr", "action_flag": 2, "change_message": "[{\"changed\": {\"fields\": [\"Description\"]}}]"}}, {"model": "admin.logentry", "pk": 25, "fields": {"action_time": "2021-10-13T09:23:16.945Z", "user": 1, "content_type": 14, "object_id": "7", "object_repr": "Brazil Fazenda Ferrinha - 250gr", "action_flag": 2, "change_message": "[{\"changed\": {\"fields\": [\"Description\"]}}]"}}, {"model": "admin.logentry", "pk": 26, "fields": {"action_time": "2021-10-13T09:23:35.433Z", "user": 1, "content_type": 14, "object_id": "5", "object_repr": "Colombia Narino - 250gr", "action_flag": 2, "change_message": "[{\"changed\": {\"fields\": [\"Description\"]}}]"}}, {"model": "admin.logentry", "pk": 27, "fields": {"action_time": "2021-10-13T09:24:01.693Z", "user": 1, "content_type": 14, "object_id": "6", "object_repr": "Dark Horse Blend - 250gr", "action_flag": 2, "change_message": "[{\"changed\": {\"fields\": [\"Description\"]}}]"}}, {"model": "admin.logentry", "pk": 28, "fields": {"action_time": "2021-10-13T09:24:16.404Z", "user": 1, "content_type": 14, "object_id": "8", "object_repr": "Filter Coffee Blend - 250gr", "action_flag": 2, "change_message": "[]"}}, {"model": "admin.logentry", "pk": 29, "fields": {"action_time": "2021-10-13T09:24:31.597Z", "user": 1, "content_type": 14, "object_id": "9", "object_repr": "Espresso Blend - 250gr", "action_flag": 2, "change_message": "[{\"changed\": {\"fields\": [\"Sku\"]}}]"}}, {"model": "admin.logentry", "pk": 30, "fields": {"action_time": "2021-10-13T09:24:50.412Z", "user": 1, "content_type": 14, "object_id": "2", "object_repr": "Rebel Beans Cold Brew Coffee 125ml", "action_flag": 2, "change_message": "[{\"changed\": {\"fields\": [\"Sku\"]}}]"}}, {"model": "admin.logentry", "pk": 31, "fields": {"action_time": "2021-10-13T09:25:02.822Z", "user": 1, "content_type": 14, "object_id": "3", "object_repr": "Milky Way Espresso Blend - 250gr", "action_flag": 2, "change_message": "[{\"changed\": {\"fields\": [\"Sku\"]}}]"}}, {"model": "admin.logentry", "pk": 32, "fields": {"action_time": "2021-10-14T13:40:07.824Z", "user": 1, "content_type": 16, "object_id": "1", "object_repr": "67DDDC55CEBF4D51A96B254452274AD2", "action_flag": 2, "change_message": "[{\"deleted\": {\"name\": \"order line item\", \"object\": \"SKU 167882211 on order 67DDDC55CEBF4D51A96B254452274AD2\"}}]"}}, {"model": "admin.logentry", "pk": 33, "fields": {"action_time": "2021-10-14T13:40:31.713Z", "user": 1, "content_type": 16, "object_id": "1", "object_repr": "67DDDC55CEBF4D51A96B254452274AD2", "action_flag": 3, "change_message": ""}}, {"model": "admin.logentry", "pk": 34, "fields": {"action_time": "2021-10-14T13:41:32.875Z", "user": 1, "content_type": 16, "object_id": "2", "object_repr": "B90A8F8A877C4609AF2E80D8841F9311", "action_flag": 2, "change_message": "[{\"deleted\": {\"name\": \"order line item\", \"object\": \"SKU 787552211 on order B90A8F8A877C4609AF2E80D8841F9311\"}}]"}}, {"model": "admin.logentry", "pk": 35, "fields": {"action_time": "2021-10-14T13:41:54.950Z", "user": 1, "content_type": 16, "object_id": "2", "object_repr": "B90A8F8A877C4609AF2E80D8841F9311", "action_flag": 2, "change_message": "[{\"added\": {\"name\": \"order line item\", \"object\": \"SKU 466674234 on order B90A8F8A877C4609AF2E80D8841F9311\"}}]"}}, {"model": "admin.logentry", "pk": 36, "fields": {"action_time": "2021-10-14T13:42:02.922Z", "user": 1, "content_type": 16, "object_id": "2", "object_repr": "B90A8F8A877C4609AF2E80D8841F9311", "action_flag": 3, "change_message": ""}}, {"model": "admin.logentry", "pk": 37, "fields": {"action_time": "2021-10-18T11:18:43.162Z", "user": 1, "content_type": 4, "object_id": "1", "object_repr": "yigit", "action_flag": 2, "change_message": "[{\"changed\": {\"fields\": [\"First name\", \"Last name\"]}}]"}}, {"model": "admin.logentry", "pk": 38, "fields": {"action_time": "2021-10-18T12:16:11.880Z", "user": 1, "content_type": 4, "object_id": "2", "object_repr": "test", "action_flag": 2, "change_message": "[{\"changed\": {\"fields\": [\"First name\", \"Last name\"]}}]"}}, {"model": "admin.logentry", "pk": 39, "fields": {"action_time": "2021-10-19T07:09:47.669Z", "user": 1, "content_type": 16, "object_id": "36", "object_repr": "E0E5A8CE050540B3A34369399B56A400", "action_flag": 3, "change_message": ""}}, {"model": "admin.logentry", "pk": 40, "fields": {"action_time": "2021-10-19T07:09:47.677Z", "user": 1, "content_type": 16, "object_id": "35", "object_repr": "F3A59D8B89664A5E8946339CDD899774", "action_flag": 3, "change_message": ""}}, {"model": "admin.logentry", "pk": 41, "fields": {"action_time": "2021-10-19T07:09:47.678Z", "user": 1, "content_type": 16, "object_id": "34", "object_repr": "2C3771DC944A443E826FF99E60D65CB5", "action_flag": 3, "change_message": ""}}, {"model": "admin.logentry", "pk": 42, "fields": {"action_time": "2021-10-19T07:09:47.680Z", "user": 1, "content_type": 16, "object_id": "33", "object_repr": "77FECB8DB777481E9EFB33DAC3D36528", "action_flag": 3, "change_message": ""}}, {"model": "admin.logentry", "pk": 43, "fields": {"action_time": "2021-10-19T07:09:47.681Z", "user": 1, "content_type": 16, "object_id": "32", "object_repr": "68839858C1E24B5395B23C5A2A92AE20", "action_flag": 3, "change_message": ""}}, {"model": "admin.logentry", "pk": 44, "fields": {"action_time": "2021-10-19T07:09:47.683Z", "user": 1, "content_type": 16, "object_id": "31", "object_repr": "110F66DE9948432D8C0C2722C96E6A49", "action_flag": 3, "change_message": ""}}, {"model": "admin.logentry", "pk": 45, "fields": {"action_time": "2021-10-19T07:09:47.684Z", "user": 1, "content_type": 16, "object_id": "30", "object_repr": "726373C1827C441F8F8C11A48D3436D1", "action_flag": 3, "change_message": ""}}, {"model": "admin.logentry", "pk": 46, "fields": {"action_time": "2021-10-19T07:09:47.693Z", "user": 1, "content_type": 16, "object_id": "29", "object_repr": "2FF24F581E8F459C84BCDEBDF95B813F", "action_flag": 3, "change_message": ""}}, {"model": "admin.logentry", "pk": 47, "fields": {"action_time": "2021-10-19T07:09:47.695Z", "user": 1, "content_type": 16, "object_id": "28", "object_repr": "2A2FE753586641499E193E52F5B41416", "action_flag": 3, "change_message": ""}}, {"model": "admin.logentry", "pk": 48, "fields": {"action_time": "2021-10-19T07:09:47.697Z", "user": 1, "content_type": 16, "object_id": "27", "object_repr": "D8BF75E171874C8CB1636F71088F340B", "action_flag": 3, "change_message": ""}}, {"model": "admin.logentry", "pk": 49, "fields": {"action_time": "2021-10-19T07:09:47.698Z", "user": 1, "content_type": 16, "object_id": "26", "object_repr": "069B26A19E474B629FC67E16C2D2D229", "action_flag": 3, "change_message": ""}}, {"model": "admin.logentry", "pk": 50, "fields": {"action_time": "2021-10-19T07:09:47.700Z", "user": 1, "content_type": 16, "object_id": "25", "object_repr": "790C217B020D4C218A1C61CC63B788E2", "action_flag": 3, "change_message": ""}}, {"model": "admin.logentry", "pk": 51, "fields": {"action_time": "2021-10-19T07:09:47.701Z", "user": 1, "content_type": 16, "object_id": "24", "object_repr": "51A5D30DC28D4BBB9C8F635A00F3C803", "action_flag": 3, "change_message": ""}}, {"model": "admin.logentry", "pk": 52, "fields": {"action_time": "2021-10-19T07:09:47.703Z", "user": 1, "content_type": 16, "object_id": "23", "object_repr": "D55BCB80F547448986CC7756488D1325", "action_flag": 3, "change_message": ""}}, {"model": "admin.logentry", "pk": 53, "fields": {"action_time": "2021-10-19T07:09:47.704Z", "user": 1, "content_type": 16, "object_id": "22", "object_repr": "66A49D476000406F864DA78A66A6E1E9", "action_flag": 3, "change_message": ""}}, {"model": "admin.logentry", "pk": 54, "fields": {"action_time": "2021-10-19T07:09:47.706Z", "user": 1, "content_type": 16, "object_id": "21", "object_repr": "5F9BAD2720FA444595D7263242B0C73B", "action_flag": 3, "change_message": ""}}, {"model": "admin.logentry", "pk": 55, "fields": {"action_time": "2021-10-19T07:09:47.708Z", "user": 1, "content_type": 16, "object_id": "20", "object_repr": "E1CC983E3EA842389497ECF8D5C27DA1", "action_flag": 3, "change_message": ""}}, {"model": "admin.logentry", "pk": 56, "fields": {"action_time": "2021-10-19T07:09:47.709Z", "user": 1, "content_type": 16, "object_id": "19", "object_repr": "746AB77CF8EC49F29305352A42DDB8DC", "action_flag": 3, "change_message": ""}}, {"model": "admin.logentry", "pk": 57, "fields": {"action_time": "2021-10-19T07:09:47.710Z", "user": 1, "content_type": 16, "object_id": "18", "object_repr": "A2214C1684C24733A13CF1E4571DE7A8", "action_flag": 3, "change_message": ""}}, {"model": "admin.logentry", "pk": 58, "fields": {"action_time": "2021-10-19T07:09:47.712Z", "user": 1, "content_type": 16, "object_id": "17", "object_repr": "E3A79A5DA84941A4AFEEC16A95E699B0", "action_flag": 3, "change_message": ""}}, {"model": "admin.logentry", "pk": 59, "fields": {"action_time": "2021-10-19T07:09:47.713Z", "user": 1, "content_type": 16, "object_id": "16", "object_repr": "9F57C845A6BC478B94D9F9DCFAF4A2A2", "action_flag": 3, "change_message": ""}}, {"model": "admin.logentry", "pk": 60, "fields": {"action_time": "2021-10-19T07:09:47.715Z", "user": 1, "content_type": 16, "object_id": "15", "object_repr": "F51E2AA3668B4E0B83440DEEEA8E8409", "action_flag": 3, "change_message": ""}}, {"model": "admin.logentry", "pk": 61, "fields": {"action_time": "2021-10-19T07:09:47.716Z", "user": 1, "content_type": 16, "object_id": "14", "object_repr": "77E9E2E7728A4394B31D6DCF8F7B556E", "action_flag": 3, "change_message": ""}}, {"model": "admin.logentry", "pk": 62, "fields": {"action_time": "2021-10-19T07:09:47.717Z", "user": 1, "content_type": 16, "object_id": "13", "object_repr": "1F9E04E1851E40B2A758A02BF71EEA27", "action_flag": 3, "change_message": ""}}, {"model": "admin.logentry", "pk": 63, "fields": {"action_time": "2021-10-19T07:09:47.718Z", "user": 1, "content_type": 16, "object_id": "12", "object_repr": "E123BDCD1C4B443DB531558A823AE42F", "action_flag": 3, "change_message": ""}}, {"model": "admin.logentry", "pk": 64, "fields": {"action_time": "2021-10-19T07:09:47.719Z", "user": 1, "content_type": 16, "object_id": "11", "object_repr": "4089705033CB4E818255900FD64DE344", "action_flag": 3, "change_message": ""}}, {"model": "admin.logentry", "pk": 65, "fields": {"action_time": "2021-10-19T07:09:47.720Z", "user": 1, "content_type": 16, "object_id": "10", "object_repr": "0D2E5318A2474949B96E6286D7613E13", "action_flag": 3, "change_message": ""}}, {"model": "admin.logentry", "pk": 66, "fields": {"action_time": "2021-10-19T07:09:47.722Z", "user": 1, "content_type": 16, "object_id": "8", "object_repr": "4CCF399382F14C8586069ECFD85C17B2", "action_flag": 3, "change_message": ""}}, {"model": "admin.logentry", "pk": 67, "fields": {"action_time": "2021-10-19T07:09:47.723Z", "user": 1, "content_type": 16, "object_id": "7", "object_repr": "3CE6B4CEE3184DF7950DE077201C3D62", "action_flag": 3, "change_message": ""}}, {"model": "admin.logentry", "pk": 68, "fields": {"action_time": "2021-10-19T07:09:47.724Z", "user": 1, "content_type": 16, "object_id": "6", "object_repr": "9A33ECA5AB5040BD9A24D45A5145BDC5", "action_flag": 3, "change_message": ""}}, {"model": "admin.logentry", "pk": 69, "fields": {"action_time": "2021-10-19T07:09:47.725Z", "user": 1, "content_type": 16, "object_id": "5", "object_repr": "81806E5422834301AE169F8B46F2E70A", "action_flag": 3, "change_message": ""}}, {"model": "admin.logentry", "pk": 70, "fields": {"action_time": "2021-10-19T07:09:47.726Z", "user": 1, "content_type": 16, "object_id": "4", "object_repr": "73326B2BAC194698B0AED0BF586900AF", "action_flag": 3, "change_message": ""}}, {"model": "admin.logentry", "pk": 71, "fields": {"action_time": "2021-10-19T07:09:47.727Z", "user": 1, "content_type": 16, "object_id": "3", "object_repr": "BF181C1DA8C24FFFABD85C6C3D7708E2", "action_flag": 3, "change_message": ""}}, {"model": "admin.logentry", "pk": 72, "fields": {"action_time": "2021-10-19T07:46:57.975Z", "user": 1, "content_type": 14, "object_id": "10", "object_repr": "test", "action_flag": 3, "change_message": ""}}, {"model": "admin.logentry", "pk": 73, "fields": {"action_time": "2021-10-19T07:46:57.977Z", "user": 1, "content_type": 14, "object_id": "11", "object_repr": "image_test", "action_flag": 3, "change_message": ""}}, {"model": "admin.logentry", "pk": 74, "fields": {"action_time": "2021-10-25T10:16:14.717Z", "user": 1, "content_type": 4, "object_id": "3", "object_repr": "kedisko", "action_flag": 3, "change_message": ""}}, {"model": "admin.logentry", "pk": 75, "fields": {"action_time": "2021-11-05T10:09:13.815Z", "user": 1, "content_type": 19, "object_id": "1", "object_repr": "Cold Brew Ice Cream Recipe: The Perfect Summer Treat!", "action_flag": 1, "change_message": "[{\"added\": {}}]"}}, {"model": "admin.logentry", "pk": 76, "fields": {"action_time": "2021-11-05T14:32:03.787Z", "user": 1, "content_type": 19, "object_id": "1", "object_repr": "Cold Brew Ice Cream Recipe: The Perfect Summer Treat!", "action_flag": 2, "change_message": "[{\"changed\": {\"fields\": [\"Content\"]}}]"}}, {"model": "admin.logentry", "pk": 77, "fields": {"action_time": "2021-11-05T15:35:23.526Z", "user": 1, "content_type": 19, "object_id": "1", "object_repr": "Cold Brew Ice Cream Recipe: The Perfect Summer Treat!", "action_flag": 2, "change_message": "[{\"changed\": {\"fields\": [\"Content\"]}}]"}}, {"model": "admin.logentry", "pk": 78, "fields": {"action_time": "2021-11-05T15:35:41.394Z", "user": 1, "content_type": 19, "object_id": "1", "object_repr": "Cold Brew Ice Cream Recipe: The Perfect Summer Treat!", "action_flag": 2, "change_message": "[{\"changed\": {\"fields\": [\"Content\"]}}]"}}, {"model": "admin.logentry", "pk": 79, "fields": {"action_time": "2021-11-08T10:32:54.290Z", "user": 1, "content_type": 19, "object_id": "2", "object_repr": "Title", "action_flag": 1, "change_message": "[{\"added\": {}}]"}}, {"model": "admin.logentry", "pk": 80, "fields": {"action_time": "2021-11-08T15:36:53.980Z", "user": 1, "content_type": 19, "object_id": "2", "object_repr": "Title", "action_flag": 2, "change_message": "[{\"changed\": {\"fields\": [\"Image\"]}}]"}}, {"model": "admin.logentry", "pk": 81, "fields": {"action_time": "2021-11-10T23:10:08.110Z", "user": 1, "content_type": 18, "object_id": "1", "object_repr": "", "action_flag": 1, "change_message": "[{\"added\": {}}]"}}, {"model": "admin.logentry", "pk": 82, "fields": {"action_time": "2021-11-10T23:10:20.128Z", "user": 1, "content_type": 18, "object_id": "1", "object_repr": "", "action_flag": 3, "change_message": ""}}, {"model": "admin.logentry", "pk": 83, "fields": {"action_time": "2021-11-11T02:15:32.392Z", "user": 1, "content_type": 20, "object_id": "3", "object_repr": "Comment Comments\r\n \r\nMaybe some more comments?\r\n\r\nOkay! by Yigit", "action_flag": 3, "change_message": ""}}, {"model": "admin.logentry", "pk": 84, "fields": {"action_time": "2021-11-11T02:15:32.395Z", "user": 1, "content_type": 20, "object_id": "4", "object_repr": "Comment Comment by Yigit", "action_flag": 3, "change_message": ""}}, {"model": "admin.logentry", "pk": 85, "fields": {"action_time": "2021-11-11T02:15:32.396Z", "user": 1, "content_type": 20, "object_id": "5", "object_repr": "Comment Comment by Yigit", "action_flag": 3, "change_message": ""}}, {"model": "admin.logentry", "pk": 86, "fields": {"action_time": "2021-11-11T02:15:32.398Z", "user": 1, "content_type": 20, "object_id": "6", "object_repr": "Comment Comment by Yigit", "action_flag": 3, "change_message": ""}}, {"model": "admin.logentry", "pk": 87, "fields": {"action_time": "2021-11-11T02:15:32.400Z", "user": 1, "content_type": 20, "object_id": "7", "object_repr": "Comment Comment by Yigit", "action_flag": 3, "change_message": ""}}, {"model": "admin.logentry", "pk": 88, "fields": {"action_time": "2021-11-11T02:15:32.401Z", "user": 1, "content_type": 20, "object_id": "8", "object_repr": "Comment Comment by Yigit", "action_flag": 3, "change_message": ""}}, {"model": "admin.logentry", "pk": 89, "fields": {"action_time": "2021-11-11T02:15:32.402Z", "user": 1, "content_type": 20, "object_id": "9", "object_repr": "Comment Comment by Yigit", "action_flag": 3, "change_message": ""}}, {"model": "admin.logentry", "pk": 90, "fields": {"action_time": "2021-11-11T02:15:32.404Z", "user": 1, "content_type": 20, "object_id": "10", "object_repr": "Comment Comment by Yigit", "action_flag": 3, "change_message": ""}}, {"model": "admin.logentry", "pk": 91, "fields": {"action_time": "2021-11-11T02:19:01.243Z", "user": 1, "content_type": 19, "object_id": "2", "object_repr": "Cold Brew Mini Bundt Cakes", "action_flag": 2, "change_message": "[{\"changed\": {\"fields\": [\"Title\", \"Slug\", \"Content\"]}}]"}}, {"model": "admin.logentry", "pk": 92, "fields": {"action_time": "2021-11-11T02:20:19.606Z", "user": 1, "content_type": 19, "object_id": "2", "object_repr": "Cold Brew Mini Bundt Cakes", "action_flag": 2, "change_message": "[{\"changed\": {\"fields\": [\"Content\"]}}]"}}, {"model": "admin.logentry", "pk": 93, "fields": {"action_time": "2021-11-11T14:08:12.062Z", "user": 1, "content_type": 19, "object_id": "2", "object_repr": "Cold Brew Mini Bundt Cakes", "action_flag": 3, "change_message": ""}}, {"model": "admin.logentry", "pk": 94, "fields": {"action_time": "2021-11-11T14:08:12.066Z", "user": 1, "content_type": 19, "object_id": "1", "object_repr": "Cold Brew Ice Cream Recipe: The Perfect Summer Treat!", "action_flag": 3, "change_message": ""}}, {"model": "admin.logentry", "pk": 95, "fields": {"action_time": "2021-11-11T14:08:31.162Z", "user": 1, "content_type": 4, "object_id": "2", "object_repr": "test", "action_flag": 3, "change_message": ""}}, {"model": "auth.user", "pk": 1, "fields": {"password": "pbkdf2_sha256$260000$mpLdZ8s7LKy0CGLqRgV4b3$FBxj5ZhAOWb1X7LQ/e3XN/u+Lzaknuubh7N48kcTcI0=", "last_login": "2021-11-04T09:12:59.116Z", "is_superuser": true, "username": "yigit", "first_name": "Yigit", "last_name": "Aksoy", "email": "yigit@house58.nl", "is_staff": true, "is_active": true, "date_joined": "2021-10-04T09:49:05Z", "groups": [], "user_permissions": []}}, {"model": "sessions.session", "pk": "0wn0vczxdorimikxvk0wrvzw2rwk84yh", "fields": {"session_data": ".eJxVjEEOwiAQAP_C2RBIQaBH776BLMvWogYMtI3G-HdD0kuvM5P5sgYb-ZSnwsalrnRiHtZl9muj6lNkI5PswALgg3IX8Q75VjiWvNQUeE_4bhu_lkjPy94eBjO0uW9RK6HIaa1VmKyTNImIaNFYUIOTlhwZsEpYHTWSNcpE6bQhAecBXejTRq2lkj29X6l-2Ch-f0cWRPk:1mdAhR:s_0aDmIOUmR1PzowEgj403NHW90biwIGROI16mxZUgU", "expire_date": "2021-11-03T12:28:05.324Z"}}, {"model": "sessions.session", "pk": "2f9pf4ifrk4wm34ql2q09mtkgfzwu75i", "fields": {"session_data": "eyJiYWciOnt9fQ:1mklIJ:_VHlaq0a21-Yxix-qWLu4oWGgdE6J_gCxnoWioA92OM", "expire_date": "2021-11-24T10:57:31.121Z"}}, {"model": "sessions.session", "pk": "2nec4j05oe5g0y3jkhwo1nur6nm63n3k", "fields": {"session_data": ".eJxVjEsKgzAUAO_y1iIRk-az7L5nCC_Ji6aVpBgtLeLdi-DG7cwwG1T8kE05FjARp0oNOBzAbHsDFtdltGul2aYABjq4MIf-RfkQ4Yl5KK0veZmTa4-kPW1tHyXQdD_by2DEOh5bLzjjpIUQ3EWlO4oseK-8VMh73SnSJFFxpkQQnpTkMnRaSGJ46712x7RSralkS993mn9g2P4H5KBIEA:1mbLsr:lEVZWLnQks0BLnWIUMmn85I0AzWyEPd5gHINWHkJqEk", "expire_date": "2021-10-29T12:00:21.558Z"}}, {"model": "sessions.session", "pk": "2ugxnn7emrg55miigfxhs295ld78epwy", "fields": {"session_data": ".eJxVjLsOgzAMAP_FcxUlIm4cxu79BuQ4htBWIPGYEP9eRWJhvTvdAYkHaA9ooHXnAzret9Ltqy7dmKEFBzeWWL46VZE_PA2zkXnaljGZmpjLruY9Z_29rvY2KLyWuhX01mtERJ96ik57m0VIArFvoiONGpi8JcwoSsGH7CIGtfxsJCY4_2rgO0Y:1maeDz:z68KJF6YEeweY7IKhj6Sed3l7EtYFjQ3xAb5TKr21P8", "expire_date": "2021-10-27T13:23:15.932Z"}}, {"model": "sessions.session", "pk": "2x6g3kfixjp1jviv8orgc8xj2pyll7l7", "fields": {"session_data": "e30:1ml5kp:o229p4WUKwamevRfujzJK_LJiSfEHvI64zUGOdqI1WI", "expire_date": "2021-11-25T08:48:19.063Z"}}, {"model": "sessions.session", "pk": "3nvlnqqj3wd8ncthtzuv71n1jbzrag41", "fields": {"session_data": ".eJxVjEsOwiAUAO_y1g0BBfks3XsGAo_XFjXUlDbRNL27IelCtzOT2cCHdRn9Wmn2OYEDAd0viwEfVJpI91CGieFUljlH1hJ22MpuU6Ln9Wj_BmOoY9uiklySVUrJ2BsrqOcJ0aA2QZ6tMGRJByO5UUkhGS11ElZp4uFyRhvbtFKteSqe3q88f8DxDmIYwG1wAif2_QsAA0KC:1man7W:Q246IzdLPTwxFHYxMrnmQJJ8IGW4nqdFWN3gtRt8MDs", "expire_date": "2021-10-27T22:53:10.523Z"}}, {"model": "sessions.session", "pk": "3umzsfnk0rjppusflb2klvfgv8qun3x2", "fields": {"session_data": ".eJxVjEEOwiAQAP_C2RBIWYEevfsGsixbixowpU00xr8bkh70OjOZtwi4rXPYGi8hJzEKLQ6_LCLduHSRrlguVVIt65Kj7IncbZPnmvh-2tu_wYxt7lsCowx7ADBxcl7zpBKRI-vQDF479mzRGeUgAbGzxibtwbLC40A-9mnj1nItgZ-PvLzEqD5feCU-1Q:1miYnr:WTyCcybtaTpNHrw4cMWYfXrSkn539jvOfU1UgYQI37g", "expire_date": "2021-11-18T09:12:59.148Z"}}, {"model": "sessions.session", "pk": "5syzm82vshz2pscjj3c7pdrod27g40r3", "fields": {"session_data": ".eJxVjEEOwiAQAP_C2RBIWYEevfsGsixbixowpU00xr8bkh70OjOZtwi4rXPYGi8hJzEKLQ6_LCLduHSRrlguVVIt65Kj7IncbZPnmvh-2tu_wYxt7lsCowx7ADBxcl7zpBKRI-vQDF479mzRGeUgAbGzxibtwbLC40A-9mnj1nItgZ-PvLzEqD5feCU-1Q:1mYT1x:JD-HzrIPy6ONcf7O60pKuuZVcZ8dL5L2pXRzna4y3qQ", "expire_date": "2021-10-21T13:01:49.433Z"}}, {"model": "sessions.session", "pk": "6nyu312hmx05j9gl12y7fully8vctd8y", "fields": {"session_data": "eyJiYWciOnsiNCI6eyJpdGVtc19ieV9ncmluZCI6eyJXaG9sZSBDb2ZmZWUgQmVhbnMiOjF9fX19:1mkjCo:yyZQ39pev7N3Vf-zUqW2lNB3ti9T-Nm8IR02HkJwmko", "expire_date": "2021-11-24T08:43:42.454Z"}}, {"model": "sessions.session", "pk": "9o2pqn9u4enheswtazbbrhla1mrtu1zn", "fields": {"session_data": ".eJyrVkpKTFeyqlYyARGZJam5xfFJlfHpRZl5KSCR8oz8nNT45Py0tNTU-KTUxLxiJStDHSW3_CIFt8ycktQiBWewHFC0FggAPHYbdQ:1mafUV:2ApNTe9uHbzoCPBf9iiFZ49Wc4tZGSEZp4sP_mRK_7c", "expire_date": "2021-10-27T14:44:23.005Z"}}, {"model": "sessions.session", "pk": "a7mxqaxak9ngrj8ejpwmup2z6vl73pfa", "fields": {"session_data": ".eJxVjMsKwjAURP_lrkNIbGIeS_d-Q8jj1kYllaYFpfTfbaAL3czAnOGs4PwyD26pOLmcwAIH8rsFHx9YGkh3X24jjWOZpxxou9CDVnodEz4vx_dPMPg6NG2Uggk0UkoRem049izFqKPSXnSGazSovBZMyyQjaiVU4kYqZP7cRROatGKteSwO3688fcAyAsHfwK7QgeWcwGkvAmLPbfsCaKJE0A:1maden:0oR91vhlxukccvfIAZzdIYv7kyNMjA1WvXVjhfDwf38", "expire_date": "2021-10-27T12:46:53.035Z"}}, {"model": "sessions.session", "pk": "a8eh1m1xavfkw2wxwkf1rfzs5qsi76xz", "fields": {"session_data": "eyJzYXZlX2luZm8iOmZhbHNlLCJiYWciOnsiNyI6eyJpdGVtc19ieV9ncmluZCI6eyJXaG9sZSBDb2ZmZWUgQmVhbnMiOjF9fX19:1mcP0t:cDaBEYOFwpXH88jAHledZIjxWUKvK5v-i4v2EkmsBsw", "expire_date": "2021-11-01T09:32:59.071Z"}}, {"model": "sessions.session", "pk": "ad66yhgvocj1ixkqpepnz1oeg29k8zvx", "fields": {"session_data": ".eJxVjEEOwiAQAP_C2RBIWYEevfsGsixbixowpU00xr8bkh70OjOZtwi4rXPYGi8hJzEKLQ6_LCLduHSRrlguVVIt65Kj7IncbZPnmvh-2tu_wYxt7lsCowx7ADBxcl7zpBKRI-vQDF479mzRGeUgAbGzxibtwbLC40A-9mnj1nItgZ-PvLzEqD5feCU-1Q:1ma4F2:Tp99epuRCzlrl-Ls-N5U0bXyVk5qsBQ1YOEjKm1zMlY", "expire_date": "2021-10-25T22:57:56.384Z"}}, {"model": "sessions.session", "pk": "b9q98dbl0ooyjo251m0pqd7hx2amco9j", "fields": {"session_data": "eyJiYWciOnsiMyI6MSwiMiI6MX19:1maelL:Ww4JLfN8qct194XXZtKnvhtUI1FF04-VP-g2ylWRwIk", "expire_date": "2021-10-27T13:57:43.796Z"}}, {"model": "sessions.session", "pk": "c25ulc4xhm31n9bhi9ddgup0wq1st1kl", "fields": {"session_data": "eyJiYWciOnsiMyI6eyJpdGVtc19ieV9ncmluZCI6eyJXaG9sZSBDb2ZmZWUgQmVhbnMiOjF9fX19:1mkoX3:9DFNsLmhdtl6SEQQr93NygGxB68gW-isgdDzORdub7I", "expire_date": "2021-11-24T14:24:57.982Z"}}, {"model": "sessions.session", "pk": "f8d9s2iyilt9qhnnhltow18wi3k90d3u", "fields": {"session_data": ".eJxVjEEOwiAQAP_CuSGQgkCP3n0DWZatRQ0YaI3G-HdD0oNeZybzZh62dfFbo-pTZBOTbPhlAfBKuYt4gXwuHEteawq8J3y3jZ9KpNtxb_8GC7Slb1ErochprVWYrZM0i4ho0VhQo5OWHBmwSlgdNZI1ykTptCEBhxFd6NNGraWSPT3vqb7YJAbW4EE-5bmwaa0bfb7W10T5:1mfqjb:FlpoiDvLzTbVgm03Ojb7fhKBVuvh84H73lSU5sckUvY", "expire_date": "2021-11-10T21:45:23.093Z"}}, {"model": "sessions.session", "pk": "frzy9rrpmxyc1f2gk5g6rpiutdyf43x7", "fields": {"session_data": "e30:1mcP62:yMXFXJw33I4PhMePmg69Dkv2HIfra5hNyAZLv_biRG0", "expire_date": "2021-11-01T09:38:18.624Z"}}, {"model": "sessions.session", "pk": "g0rmkvdoc0ay20xvw5uxvidr7eah6a0h", "fields": {"session_data": ".eJxVjEEKwyAQAP_iuYgSrZpj732DrOsmsS1aYgIpIX8vQi65zgyzswAj6_fjxjysy-TXSrNPkfVMsgsLgG_KTcQX5LFwLHmZU-At4aet_FkifR5nexlMUKe2Ra2EIqe1VmGwTtIgIqJFY0F1TlpyZMAqYXXUSNYoE6XThgTcO3ShTSvVmkr2tH3T_GO9OP6dg0Gh:1miJYi:_aJ82ecsaxedmD_8Yl-f9wSZgnAlpBhAyGq5IqrMzMo", "expire_date": "2021-11-17T16:56:20.594Z"}}, {"model": "sessions.session", "pk": "gf4kzsjqd6l1yxqnzasfk8729cgz6ono", "fields": {"session_data": "eyJiYWciOnsiMiI6MX19:1mkoDF:Zh3-BoKWCmXVylPuLDjzaq1ui744rSq_cqAbH5A-kRI", "expire_date": "2021-11-24T14:04:29.227Z"}}, {"model": "sessions.session", "pk": "gzerw0vttgeaots801xdv902f2yom44a", "fields": {"session_data": ".eJxVjEEOwiAQAP_C2RBIWYEevfsGsixbixowpU00xr8bkh70OjOZtwi4rXPYGi8hJzEKLQ6_LCLduHSRrlguVVIt65Kj7IncbZPnmvh-2tu_wYxt7lsCowx7ADBxcl7zpBKRI-vQDF479mzRGeUgAbGzxibtwbLC40A-9mnj1nItgZ-PvLzEqD5feCU-1Q:1mXhCY:7sbaduIxKKvq36Va_PRJKs4I-6fmonrb6Diixw5L7kU", "expire_date": "2021-10-19T09:57:34.668Z"}}, {"model": "sessions.session", "pk": "i61m3i6yt91i83govy2o51xrjo4i5e9c", "fields": {"session_data": ".eJxVjMsOgyAQAP-FsyEQ2QIee-83kGVZH20DiagX47-3Jh7a68xkdhFwXcawVp7DlEQntGh-WUR6cT5FemIeiqSSl3mK8kzkZat8lMTv-9X-DUas47klMMqwBwATe-c19yoRObIOTeu1Y88WnVEOEhA7a2zSHiwrvLXk43daceMw5b6IbplXbkTEQXT7cXwA7_FAiA:1mlAkh:oeTfWOwf2hVBYIH3GBmiPP-jlal1cByVZ0Vbn1ASfAA", "expire_date": "2021-11-25T14:08:31.218Z"}}, {"model": "sessions.session", "pk": "izqfhird7a0z5xc7stubm0hbnr5xybgk", "fields": {"session_data": ".eJyrVkpKTFeyqlYyBhGZJam5xfFJlfHpRZl5KSARt_wiBdfigqLU4uJ8JSvD2lodJVPcKt0yc0pSixSc89PSUlOBynWUwjPyc1KhAgpOqYl5xUBhY5AxJtiNwabBqBYIAAwrOWo:1mafzj:4iol6kJwiQvNHK45ci3yN0IeVZoIRFrkfI2wbTPkTO0", "expire_date": "2021-10-27T15:16:39.503Z"}}, {"model": "sessions.session", "pk": "jjg8pts8fplx9r9d9p65ionskfzhickw", "fields": {"session_data": "eyJiYWciOnsiMyI6eyJpdGVtc19ieV9ncmluZCI6eyJXaG9sZSBDb2ZmZWUgQmVhbnMiOjF9fSwiMiI6MX19:1mkoVV:-S31GUO3_cOJHI406rrQ-WZ2663MX9fAx8q6dobrBbE", "expire_date": "2021-11-24T14:23:21.273Z"}}, {"model": "sessions.session", "pk": "jzm0pikn2xnxw0xhkpmkms9m80c02qk7", "fields": {"session_data": "eyJiYWciOnt9fQ:1mkNJa:csAEFrxkz7dsHbihCdFEIUaVmE9WkP0eEI7bo2XOjuE", "expire_date": "2021-11-23T09:21:14.998Z"}}, {"model": "sessions.session", "pk": "knw55vqptx46pe0yzcyyi7ugh71omrns", "fields": {"session_data": ".eJxVjEEOwiAQAP_C2RBIWYEevfsGsixbixowpU00xr8bkh70OjOZtwi4rXPYGi8hJzEKLQ6_LCLduHSRrlguVVIt65Kj7IncbZPnmvh-2tu_wYxt7lsCowx7ADBxcl7zpBKRI-vQDF479mzRGeUgAbGzxibtwbLC40A-9mnj1nItgZ-PvLzEqD5feCU-1Q:1mZz2b:4iUc7cBDNBuzMaaQrjriabpJ8NMs3cQNsaltD4qyDRk", "expire_date": "2021-10-25T17:24:45.461Z"}}, {"model": "sessions.session", "pk": "ks4tpcmtbzyjcyl4tj0z82xjbi1jqqjd", "fields": {"session_data": "eyJzYXZlX2luZm8iOmZhbHNlfQ:1mk6fr:9Q9_lo8BHuGQMx-VQss8HJlGS8NNi_V8kuhKyk1IlR0", "expire_date": "2021-11-22T15:35:07.586Z"}}, {"model": "sessions.session", "pk": "kufkhkpk3m24fb75ja4jmyvabcrh5wzp", "fields": {"session_data": "eyJiYWciOnt9fQ:1mjpLs:Is2YjOkC3ABKZcj2ZUy3ZinU4JUZJ80EbfXcdIl88tA", "expire_date": "2021-11-21T21:05:20.672Z"}}, {"model": "sessions.session", "pk": "mntx9108cxtbzeo8qpyk56ktuzzbhv2u", "fields": {"session_data": "e30:1mcP1O:ePb1cU8meQna1KzEmm2H_h2mDZMHRw5-3fC90vjqNhI", "expire_date": "2021-11-01T09:33:30.407Z"}}, {"model": "sessions.session", "pk": "n8pks2l8s0rlg0tv5yqz35l5hs1hc0ps", "fields": {"session_data": ".eJxVjz9vwyAUxL9K9GbLwjKUP2M6d-6IHvCwaROowI4SWf3uLVKG9oYb7k4_6Q6wuG-r3RtVmwIYmGD4mzn0n5R7ET4wL2X0JW81ubFPxmfbxrcS6HJ-bv8BVmxrx3rBGScthOAuKj1RZMF75aVCPutJkSaJijMlgvCkJJdh0kISw5fZa9ehjVpLJVu6f6X6AMMGaHgjm3IsYLa60wAOFzAHzN3SRtdm3cMuNfULB7yv5UKn1xIj0elMmBsY_v2rH-o0V9U:1mjpvj:hh4DkBU6uo1mvVHXqdHpMUq-p_bwWfHqC9XO9LTRKmA", "expire_date": "2021-11-21T21:42:23.729Z"}}, {"model": "sessions.session", "pk": "pdkww0hjx5bbcyb6aivz8tkki096bair", "fields": {"session_data": ".eJxVjj8PgyAUxL-KYW6MRCjgaOfOHcnj8RT6RxLRoTH97pXEob3hhrvLL7cxC-sS7JppttGzjnF2-s0c4IOmUvg7TGOqMU3LHF1dJvXR5vqaPD37Y_sHCJBDwaIUjSAjpRRu0IbT0HhEjUqDaA3XZEiBFo2WXiJpJZTnRipq4NyicTvUwci6jbXF4kKvbN3bjnMs7zZ2C-lJ1SUNA1HVE0yZdfyz6wv72Epx:1mhuUd:XzaRFJ5YFtleXQBiR0TJqwCK4JpkBGHqGHYP2_WgJeQ", "expire_date": "2021-11-16T14:10:27.050Z"}}, {"model": "sessions.session", "pk": "q7y9afvlll0oicktfzc4n8rcqb2sxqjv", "fields": {"session_data": "eyJzYXZlX2luZm8iOmZhbHNlLCJiYWciOnt9fQ:1mbLvG:vFRPd5bceVtUEfgdFdw00GGKS-UWzq-LR1v9FDsVAvE", "expire_date": "2021-10-29T12:02:50.374Z"}}, {"model": "sessions.session", "pk": "t4ajcx9r6guyjsmaktsta7f12uyzcmlo", "fields": {"session_data": "eyJiYWciOnsiMyI6eyJpdGVtc19ieV9ncmluZCI6eyJXaG9sZSBDb2ZmZWUgQmVhbnMiOjF9fX19:1mknhu:3WuzUy4Ji3CZGtzd7BD8BWyMPf7G7-9PtsG1xXpLL7A", "expire_date": "2021-11-24T13:32:06.412Z"}}, {"model": "sessions.session", "pk": "tyt1vbxwutytksicsliq5n3lytmnc4r7", "fields": {"session_data": "eyJiYWciOnsiMyI6eyJpdGVtc19ieV9ncmluZCI6eyJXaG9sZSBDb2ZmZWUgQmVhbnMiOjF9fX19:1mkoiQ:4uJ9G88aapS-vU47qchv3K0ZX_2DYB7Zp5df_lUi3_s", "expire_date": "2021-11-24T14:36:42.609Z"}}, {"model": "sessions.session", "pk": "v3slinulv8k8tj55am7rub3rgivq2v97", "fields": {"session_data": ".eJxVjEEOwiAQAP_C2RBIWYEevfsGsixbixowpU00xr8bkh70OjOZtwi4rXPYGi8hJzEKLQ6_LCLduHSRrlguVVIt65Kj7IncbZPnmvh-2tu_wYxt7lsCowx7ADBxcl7zpBKRI-vQDF479mzRGeUgAbGzxibtwbLC40A-9mnj1nItgZ-PvLzEqD5feCU-1Q:1mYlzs:3ozAkzHdVwnS0d1PqE5JGEKtGo8cY4fJf53mvSARpfA", "expire_date": "2021-10-22T09:16:56.316Z"}}, {"model": "sessions.session", "pk": "vierd8ecjnpdh26vjutvib7h7bmedl4p", "fields": {"session_data": "eyJiYWciOnsiMyI6eyJpdGVtc19ieV9ncmluZCI6eyJXaG9sZSBDb2ZmZWUgQmVhbnMiOjF9fX19:1mkn0r:nIDjANsVs54ZDUgmfztxqar7T-PwXOoIxPa5F0j8dwo", "expire_date": "2021-11-24T12:47:37.191Z"}}, {"model": "sessions.session", "pk": "wpqrl6s9v1ghu20hqskty76byac00a1s", "fields": {"session_data": "eyJiYWciOnsiMiI6MX19:1mkowN:cuYRbTEr7p-m6S-7USkzboCdMoIRcmnwPIO-Yibqtwk", "expire_date": "2021-11-24T14:51:07.869Z"}}, {"model": "sessions.session", "pk": "yfiuereln9vzv5w2548nv1156kgxo5nx", "fields": {"session_data": "eyJiYWciOnsiMiI6MX19:1ml8Pw:bWAJVNBfrDPUAIKGnmzWr3YxAtWUnlXjfSQgojVHq7A", "expire_date": "2021-11-25T11:38:56.447Z"}}, {"model": "sessions.session", "pk": "yztihbu3u08juucu04cdta7a3b0uqxvx", "fields": {"session_data": "eyJiYWciOnsiMyI6MX19:1maetM:8dxQLC0vDzqzJKYj4zw0r9pyQhBUBgffsr1lWjTNfkg", "expire_date": "2021-10-27T14:06:00.092Z"}}, {"model": "sites.site", "pk": 1, "fields": {"domain": "rebelbeans.example.com", "name": "Rebel Beans"}}, {"model": "account.emailaddress", "pk": 1, "fields": {"user": 1, "email": "yigit@house58.nl", "verified": false, "primary": false}}, {"model": "account.emailaddress", "pk": 2, "fields": {"user": 1, "email": "yigitaksoy@house58.nl", "verified": true, "primary": true}}, {"model": "products.category", "pk": 1, "fields": {"name": "cold_brew_coffee", "friendly_name": "Cold Brew Coffee"}}, {"model": "products.category", "pk": 3, "fields": {"name": "fresh_coffee_beans", "friendly_name": "Fresh Coffee Beans"}}, {"model": "products.product", "pk": 2, "fields": {"category": 1, "sku": "167882211", "name": "Rebel Beans Cold Brew Coffee 125ml", "description": "A perfect combination of coffee beans, a blend with flavors such as chocolate, berries and citrus fruits. Best cold brew coffee in Amsterdam!", "grind": null, "price": "2.99", "image_url": null, "image": "Rebel-Beans-Cold-Brew-Coffee-125ml_1080x.jpg"}}, {"model": "products.product", "pk": 3, "fields": {"category": 3, "sku": "787552211", "name": "Milky Way Espresso Blend - 250gr", "description": "Milky Way is our favorite espresso blend, which we also offer to business customers. This recipe is perfect for espresso, but you can also use it for filter coffee. The beans from Colombia and El Salvador go well together and offer you a clean, nutty, fruity taste.", "grind": "True", "price": "11.50", "image_url": null, "image": "MilkyWayBlendBeans_540x.jpeg"}}, {"model": "products.product", "pk": 4, "fields": {"category": 3, "sku": "321123123", "name": "Cherry Ripe Espresso Blend - 250gr", "description": "This blend is one of our favorites. We used coffee beans from El Salvador and Ethiopia for a balanced taste.", "grind": "True", "price": "10.50", "image_url": null, "image": "CherryRipeEspressoBeans_540x.jpeg"}}, {"model": "products.product", "pk": 5, "fields": {"category": 3, "sku": "466674234", "name": "Colombia Narino - 250gr", "description": "Meet Liberator, from Colombia's southwestern region of Narino. A very turbulent, but nevertheless very beautiful area of ​​Colombia. Expect very clean and clear flavors of terroir in this coffee.\r\nProductor Colombia buys from multiple farmers throughout Narino, and we've combined specific coffee beans to create the flavor profile we love - a sweet, complex, and mellow citrus flavor.", "grind": "True", "price": "10.50", "image_url": null, "image": "Colombia-NarinoBeans_540x.jpeg"}}, {"model": "products.product", "pk": 6, "fields": {"category": 3, "sku": "886328719", "name": "Dark Horse Blend - 250gr", "description": "This blend has Guatemala and El Salvador coffee beans. Huehuetenango is located in western Guatemala and the coffee grown here is considered some of the best. This region also has one of three non-volcanic soils. This limestone soil has a high PH value. Usually this is not what you want, but Huehuetenango coffee beans make very tasty espressos. At high altitudes, around 1200mt, coffee cherries develop slowly, which means that nutrition is in the coffee.", "grind": "True", "price": "11.00", "image_url": null, "image": "DarkHorseBlendBeans_540x.jpeg"}}, {"model": "products.product", "pk": 7, "fields": {"category": 3, "sku": "332112341", "name": "Brazil Fazenda Ferrinha - 250gr", "description": "This lot comes from Minas Gerais, Brazil. Fazenda Serrinha farm is owned by Jose Maria de Oliveira. This particular batch comes from a project on the farm called 'Para Ela' that focuses on the financial empowerment of women. This batch is sorted and selected by a team of women who receive 50% higher wages than the average in the region, which contrasts with the usual gender pay gap.", "grind": "True", "price": "11.50", "image_url": null, "image": "Brazil-FazendaFerrinha_540x.jpeg"}}, {"model": "products.product", "pk": 8, "fields": {"category": 3, "sku": "887192839", "name": "Filter Coffee Blend - 250gr", "description": "We know how much you love Sundays, so we've got this mix for you all day long. It's easy on your taste buds with vanilla and other brown spices and caramel. Crystal clear aromas come with these coffee beans.\r\n\r\nGrind 70 grams of Rebel Beans filter coffee beans with 1 liter of water for a perfect coffee recipe.", "grind": "True", "price": "8.50", "image_url": null, "image": "No-1-Filter-Koffiebonen_540x.jpeg"}}, {"model": "products.product", "pk": 9, "fields": {"category": 3, "sku": "167552211", "name": "Espresso Blend - 250gr", "description": "We have prepared you a morning coffee blend with Brazilian and Costa Rican beans. With a hint of citrus with each sip, a strong body and rich aroma will amaze you.\r\n\r\nEspresso recipe\r\n- 20 grams Rebel Beans espresso blend\r\n- 40 grams of coffee in your cup\r\n- Brew your coffee for 25-27 seconds", "grind": "True", "price": "8.50", "image_url": null, "image": "No-2-Espresso-Koffiebonen_1080x.jpeg"}}, {"model": "checkout.order", "pk": 37, "fields": {"order_number": "2AC3726A191A44909381F32D8AC2E44A", "user_profile": 1, "full_name": "Yigit Aksoy", "email": "yigit@house58.nl", "phone_number": "1234567890", "country": "NL", "postcode": "11756", "town_or_city": "Levittown", "street_address1": "Street", "street_address2": null, "county": "anywhere", "date": "2021-10-20T12:28:05.254Z", "delivery_cost": "1.15", "order_total": "11.50", "grand_total": "12.65", "original_bag": "{\"3\": {\"items_by_grind\": {\"Whole Coffee Beans\": 1}}}", "stripe_pid": "pi_3JmdtYHna6Kz6LJy0VNdQiAu"}}, {"model": "checkout.order", "pk": 38, "fields": {"order_number": "900B8AC296384305941BACB60B0CAA0F", "user_profile": 1, "full_name": "Yigit Aksoy", "email": "yigit@house58.nl", "phone_number": "1234567890", "country": "NL", "postcode": "11756", "town_or_city": "Levittown", "street_address1": "Street", "street_address2": null, "county": "anywhere", "date": "2021-10-21T15:24:32.278Z", "delivery_cost": "1.15", "order_total": "11.50", "grand_total": "12.65", "original_bag": "{\"3\": {\"items_by_grind\": {\"Whole Coffee Beans\": 1}}}", "stripe_pid": "pi_3Jn37xHna6Kz6LJy1IfDNMMG"}}, {"model": "checkout.order", "pk": 39, "fields": {"order_number": "37A5D760406C4A99B57C28A15B194A24", "user_profile": 1, "full_name": "Yigit Aksoy", "email": "yigit@house58.nl", "phone_number": "1234567890", "country": "NL", "postcode": "11756", "town_or_city": "Levittown", "street_address1": "Street", "street_address2": null, "county": "anywhere", "date": "2021-10-24T13:43:20.921Z", "delivery_cost": "1.15", "order_total": "11.49", "grand_total": "12.64", "original_bag": "{\"8\": {\"items_by_grind\": {\"Whole Coffee Beans\": 1}}, \"2\": 1}", "stripe_pid": "pi_3Jo6ygHna6Kz6LJy11EcICWj"}}, {"model": "checkout.order", "pk": 40, "fields": {"order_number": "D6EE8EC769E244869B5354F82D822240", "user_profile": 1, "full_name": "Yigit Aksoy", "email": "yigit@house58.nl", "phone_number": "1234567890", "country": "NL", "postcode": "11756", "town_or_city": "Levittown", "street_address1": "Street", "street_address2": null, "county": "anywhere", "date": "2021-10-27T17:09:35.172Z", "delivery_cost": "4.20", "order_total": "42.00", "grand_total": "46.20", "original_bag": "{\"4\": {\"items_by_grind\": {\"For Espresso\": 4}}}", "stripe_pid": "pi_3JpFcpHna6Kz6LJy1Wn0DhOj"}}, {"model": "checkout.order", "pk": 41, "fields": {"order_number": "4E7237139C4147FD9B23FB1323A9655C", "user_profile": 1, "full_name": "Yigit Aksoy", "email": "yigit@house58.nl", "phone_number": "1234567890", "country": "NL", "postcode": "11756", "town_or_city": "Levittown", "street_address1": "Street", "street_address2": null, "county": "anywhere", "date": "2021-10-27T21:45:22.974Z", "delivery_cost": "1.35", "order_total": "13.49", "grand_total": "14.84", "original_bag": "{\"2\": 1, \"4\": {\"items_by_grind\": {\"For Filter Coffee\": 1}}}", "stripe_pid": "pi_3JpJvhHna6Kz6LJy1mIEJKyv"}}, {"model": "checkout.order", "pk": 42, "fields": {"order_number": "7BAC381E7A7B437184A73B344387D29B", "user_profile": 1, "full_name": "Yigit Aksoy", "email": "yigitaksoy@gmail.com", "phone_number": "1234567890", "country": "NL", "postcode": "11756", "town_or_city": "Levittown", "street_address1": "Street", "street_address2": null, "county": "anywhere", "date": "2021-11-04T15:46:00.776Z", "delivery_cost": "1.05", "order_total": "10.50", "grand_total": "11.55", "original_bag": "{\"4\": {\"items_by_grind\": {\"Whole Coffee Beans\": 1}}}", "stripe_pid": "pi_3Js88FHna6Kz6LJy0UDgixjw"}}, {"model": "checkout.order", "pk": 43, "fields": {"order_number": "10068EE11CA04489BAF514947DD0EF5D", "user_profile": 1, "full_name": "Yigit Aksoy", "email": "yigitaksoy@gmail.com", "phone_number": "1234567890", "country": "NL", "postcode": "11756", "town_or_city": "Levittown", "street_address1": "Street", "street_address2": null, "county": "anywhere", "date": "2021-11-04T16:17:23.002Z", "delivery_cost": "1.05", "order_total": "10.50", "grand_total": "11.55", "original_bag": "{\"4\": {\"items_by_grind\": {\"Whole Coffee Beans\": 1}}}", "stripe_pid": "pi_3Js8ceHna6Kz6LJy1otOCLmn"}}, {"model": "checkout.order", "pk": 44, "fields": {"order_number": "FE05F8D9F34646DC895F92C7695C5989", "user_profile": 1, "full_name": "Yigit Aksoy", "email": "yigitaksoy@gmail.com", "phone_number": "1234567890", "country": "NL", "postcode": "11756", "town_or_city": "Levittown", "street_address1": "Street", "street_address2": null, "county": "anywhere", "date": "2021-11-05T11:25:22.792Z", "delivery_cost": "1.15", "order_total": "11.50", "grand_total": "12.65", "original_bag": "{\"3\": {\"items_by_grind\": {\"Whole Coffee Beans\": 1}}}", "stripe_pid": "pi_3JsQXaHna6Kz6LJy0ljl4nYG"}}, {"model": "checkout.order", "pk": 45, "fields": {"order_number": "1ACE3E04DD92401B864EE36F308DE6BC", "user_profile": 1, "full_name": "Yigit Aksoy", "email": "yigit@house58.nl", "phone_number": "1234567890", "country": "NL", "postcode": "1058KC", "town_or_city": "Amsterdam", "street_address1": "Haarlemmermeerstraat 58", "street_address2": null, "county": "Amsterdam", "date": "2021-11-05T14:12:16.634Z", "delivery_cost": "1.15", "order_total": "11.50", "grand_total": "12.65", "original_bag": "{\"3\": {\"items_by_grind\": {\"Whole Coffee Beans\": 1}}}", "stripe_pid": "pi_3JsT8pHna6Kz6LJy01FSmbnu"}}, {"model": "checkout.order", "pk": 46, "fields": {"order_number": "2776C0BF43494EBB8AB9C60464E3BC84", "user_profile": 1, "full_name": "Yigit Aksoy", "email": "yigit@house58.nl", "phone_number": "1234567890", "country": "NL", "postcode": "1058KC", "town_or_city": "Amsterdam", "street_address1": "Haarlemmermeerstraat 58", "street_address2": null, "county": "Amsterdam", "date": "2021-11-05T14:13:39.955Z", "delivery_cost": "1.15", "order_total": "11.50", "grand_total": "12.65", "original_bag": "{\"3\": {\"items_by_grind\": {\"Whole Coffee Beans\": 1}}}", "stripe_pid": "pi_3JsTAZHna6Kz6LJy0ZhQYhHw"}}, {"model": "checkout.order", "pk": 47, "fields": {"order_number": "96B7D0420B7E496DAE04E8BCAC369427", "user_profile": 1, "full_name": "Yigit", "email": "yigitaksoy@gmail.com", "phone_number": "1234567890", "country": "NL", "postcode": "11756", "town_or_city": "Levittown", "street_address1": "Street", "street_address2": null, "county": "Amsterdam", "date": "2021-11-07T21:40:04.154Z", "delivery_cost": "3.35", "order_total": "33.50", "grand_total": "36.85", "original_bag": "{\"3\": {\"items_by_grind\": {\"Whole Coffee Beans\": 1}}, \"5\": {\"items_by_grind\": {\"Whole Coffee Beans\": 1}}, \"7\": {\"items_by_grind\": {\"For Filter Coffee\": 1}}}", "stripe_pid": "pi_3JtJ5XHna6Kz6LJy1oQVliYt"}}, {"model": "checkout.order", "pk": 48, "fields": {"order_number": "89A6306D5436416EB133E9CDCDD66486", "user_profile": null, "full_name": "Yigit", "email": "test@tes.com", "phone_number": "1234567890", "country": "NL", "postcode": "11756", "town_or_city": "Levittown", "street_address1": "Street", "street_address2": null, "county": null, "date": "2021-11-08T15:31:04.705Z", "delivery_cost": "1.15", "order_total": "11.50", "grand_total": "12.65", "original_bag": "{\"3\": {\"items_by_grind\": {\"Whole Coffee Beans\": 1}}}", "stripe_pid": "pi_3JtZo4Hna6Kz6LJy1QxYtZgX"}}, {"model": "checkout.order", "pk": 49, "fields": {"order_number": "FA0F9917B7DF41528F1CBB66FE2416B6", "user_profile": null, "full_name": "Yigit", "email": "test@tes.com", "phone_number": "1234567890", "country": "NL", "postcode": "11756", "town_or_city": "Levittown", "street_address1": "Street", "street_address2": null, "county": null, "date": "2021-11-08T15:35:07.558Z", "delivery_cost": "1.05", "order_total": "10.50", "grand_total": "11.55", "original_bag": "{\"4\": {\"items_by_grind\": {\"Whole Coffee Beans\": 1}}}", "stripe_pid": "pi_3JtZs3Hna6Kz6LJy0He8wy53"}}, {"model": "checkout.order", "pk": 50, "fields": {"order_number": "4AAFFE8EF2DD45BC80D59CDF1DEAC69E", "user_profile": 1, "full_name": "Yigit Aksoy", "email": "yigit@house58.nl", "phone_number": "1234567890", "country": "NL", "postcode": "11756", "town_or_city": "Levittown", "street_address1": "Street", "street_address2": null, "county": "Amsterdam", "date": "2021-11-10T15:18:56.921Z", "delivery_cost": "1.15", "order_total": "11.50", "grand_total": "12.65", "original_bag": "{\"3\": {\"items_by_grind\": {\"Whole Coffee Beans\": 1}}}", "stripe_pid": "pi_3JuIZUHna6Kz6LJy0pinArRe"}}, {"model": "checkout.order", "pk": 51, "fields": {"order_number": "747DA66AFD3F456599D3C11F0D2EFFDE", "user_profile": 1, "full_name": "Yigit Aksoy", "email": "yigit@house58.nl", "phone_number": "1234567890", "country": "NL", "postcode": "11756", "town_or_city": "Levittown", "street_address1": "Street", "street_address2": null, "county": "Amsterdam", "date": "2021-11-10T15:24:10.813Z", "delivery_cost": "1.15", "order_total": "11.50", "grand_total": "12.65", "original_bag": "{\"3\": {\"items_by_grind\": {\"Whole Coffee Beans\": 1}}}", "stripe_pid": "pi_3JuIeXHna6Kz6LJy1l7QdHDr"}}, {"model": "checkout.orderlineitem", "pk": 41, "fields": {"order": 37, "product": 3, "coffee_grind": "Whole Coffee Beans", "quantity": 1, "lineitem_total": "11.50"}}, {"model": "checkout.orderlineitem", "pk": 42, "fields": {"order": 38, "product": 3, "coffee_grind": "Whole Coffee Beans", "quantity": 1, "lineitem_total": "11.50"}}, {"model": "checkout.orderlineitem", "pk": 43, "fields": {"order": 39, "product": 8, "coffee_grind": "Whole Coffee Beans", "quantity": 1, "lineitem_total": "8.50"}}, {"model": "checkout.orderlineitem", "pk": 44, "fields": {"order": 39, "product": 2, "coffee_grind": null, "quantity": 1, "lineitem_total": "2.99"}}, {"model": "checkout.orderlineitem", "pk": 45, "fields": {"order": 40, "product": 4, "coffee_grind": "For Espresso", "quantity": 4, "lineitem_total": "42.00"}}, {"model": "checkout.orderlineitem", "pk": 46, "fields": {"order": 41, "product": 2, "coffee_grind": null, "quantity": 1, "lineitem_total": "2.99"}}, {"model": "checkout.orderlineitem", "pk": 47, "fields": {"order": 41, "product": 4, "coffee_grind": "For Filter Coffee", "quantity": 1, "lineitem_total": "10.50"}}, {"model": "checkout.orderlineitem", "pk": 48, "fields": {"order": 42, "product": 4, "coffee_grind": "Whole Coffee Beans", "quantity": 1, "lineitem_total": "10.50"}}, {"model": "checkout.orderlineitem", "pk": 49, "fields": {"order": 43, "product": 4, "coffee_grind": "Whole Coffee Beans", "quantity": 1, "lineitem_total": "10.50"}}, {"model": "checkout.orderlineitem", "pk": 50, "fields": {"order": 44, "product": 3, "coffee_grind": "Whole Coffee Beans", "quantity": 1, "lineitem_total": "11.50"}}, {"model": "checkout.orderlineitem", "pk": 51, "fields": {"order": 45, "product": 3, "coffee_grind": "Whole Coffee Beans", "quantity": 1, "lineitem_total": "11.50"}}, {"model": "checkout.orderlineitem", "pk": 52, "fields": {"order": 46, "product": 3, "coffee_grind": "Whole Coffee Beans", "quantity": 1, "lineitem_total": "11.50"}}, {"model": "checkout.orderlineitem", "pk": 53, "fields": {"order": 47, "product": 3, "coffee_grind": "Whole Coffee Beans", "quantity": 1, "lineitem_total": "11.50"}}, {"model": "checkout.orderlineitem", "pk": 54, "fields": {"order": 47, "product": 5, "coffee_grind": "Whole Coffee Beans", "quantity": 1, "lineitem_total": "10.50"}}, {"model": "checkout.orderlineitem", "pk": 55, "fields": {"order": 47, "product": 7, "coffee_grind": "For Filter Coffee", "quantity": 1, "lineitem_total": "11.50"}}, {"model": "checkout.orderlineitem", "pk": 56, "fields": {"order": 48, "product": 3, "coffee_grind": "Whole Coffee Beans", "quantity": 1, "lineitem_total": "11.50"}}, {"model": "checkout.orderlineitem", "pk": 57, "fields": {"order": 49, "product": 4, "coffee_grind": "Whole Coffee Beans", "quantity": 1, "lineitem_total": "10.50"}}, {"model": "checkout.orderlineitem", "pk": 58, "fields": {"order": 50, "product": 3, "coffee_grind": "Whole Coffee Beans", "quantity": 1, "lineitem_total": "11.50"}}, {"model": "checkout.orderlineitem", "pk": 59, "fields": {"order": 51, "product": 3, "coffee_grind": "Whole Coffee Beans", "quantity": 1, "lineitem_total": "11.50"}}, {"model": "profiles.userprofile", "pk": 1, "fields": {"user": 1, "default_phone_number": "1234567890", "default_street_address1": "Street", "default_street_address2": null, "default_town_or_city": "Levittown", "default_county": "Amsterdam", "default_postcode": "11756", "default_country": "NL"}}]